{"cameraMode":{"drawMode":0,"name":"Shaded","section":"Shading Mode"},"sceneLighting":false,"audioPlay":false,"sceneViewState":{"m_AlwaysRefresh":false,"showFog":true,"showSkybox":false,"showFlares":true,"showImageEffects":true,"showParticleSystems":true,"showVisualEffectGraphs":true,"m_FxEnabled":true},"in2DMode":false,"pivot":{"x":0.009000003337860108,"y":0.23400002717971803,"z":-2.799999952316284},"rotation":{"x":0.023669397458434106,"y":-0.039881058037281039,"z":-0.0009386492311023176,"w":-0.9989299178123474},"size":1.4853423833847047,"orthographic":false}