{"cameraMode":{"drawMode":0,"name":"Shaded","section":"Shading Mode"},"sceneLighting":false,"audioPlay":false,"sceneViewState":{"m_AlwaysRefresh":false,"showFog":true,"showSkybox":false,"showFlares":true,"showImageEffects":true,"showParticleSystems":true,"showVisualEffectGraphs":true,"m_FxEnabled":true},"in2DMode":false,"pivot":{"x":-0.3466998040676117,"y":0.7359139323234558,"z":-0.09789407253265381},"rotation":{"x":0.023593349382281305,"y":0.08895497769117356,"z":0.002115529030561447,"w":-0.9957609176635742},"size":3.3073947429656984,"orthographic":false}